Workbook

Sheet 出品管理
A1: メルカリ出品管理シート
A3: 出品ID | B3: 商品名 | C3: カテゴリ | D3: 出品価格 (円) | E3: 希望最低価格 (円) | F3: 商品の状態 | G3: 出品日 | H3: 売却日 | I3: 売却価格 (円) | J3: ステータス | K3: 購入者評価 | L3: 発送方法 | M3: 送料負担 | N3: 利益 (円) | O3: メモ
A4: 1 | B4: ナイキ スニーカー 26cm | C4: スポーツ・レジャー | D4: 3500 | E4: 2800 | F4: 未使用に近い | G4: 2026/04/01 | H4: 2026/04/08 | I4: 3500 | J4: 売却済 | K4: 良い | L4: らくらくメルカリ便（宅急便コンパクト） | M4: 送料込み(出品者) | N4: =IF(J4="売却済",ROUND(I4*0.9,0),"") | O4: 美品
A5: 2 | B5: ユニクロ フリース Mサイズ 黒 | C5: メンズファッション | D5: 1200 | E5: 900 | F5: 目立った傷や汚れなし | G5: 2026/04/03 | J5: 出品中 | K5: — | L5: らくらくメルカリ便（ネコポス） | M5: 送料込み(出品者) | N5: =IF(J5="売却済",ROUND(I5*0.9,0),"")
A6: 3 | B6: ワイヤレスイヤホン 充電ケース付き | C6: スマートフォン・タブレット | D6: 4800 | E6: 3500 | F6: やや傷や汚れあり | G6: 2026/04/05 | J6: 出品中 | K6: — | L6: ゆうゆうメルカリ便（ゆうパケット） | M6: 送料込み(出品者) | N6: =IF(J6="売却済",ROUND(I6*0.9,0),"") | O6: 左耳のみ使用感あり
A7: 4 | B7: 料理本 3冊セット | C7: 本・雑誌・漫画 | D7: 600 | E7: 400 | F7: 目立った傷や汚れなし | G7: 2026/03/20 | H7: 2026/03/25 | I7: 600 | J7: 売却済 | K7: 良い | L7: ゆうゆうメルカリ便（ゆうパケット） | M7: 送料込み(出品者) | N7: =IF(J7="売却済",ROUND(I7*0.9,0),"") | O7: 帯付き
A8: 5 | B8: IKEA 収納ボックス 未使用 | C8: インテリア・住まい・小物 | D8: 800 | E8: 600 | F8: 新品・未使用 | G8: 2026/03/15 | H8: 2026/03/18 | I8: 700 | J8: 売却済 | K8: 普通 | L8: らくらくメルカリ便（宅急便） | M8: 送料込み(出品者) | N8: =IF(J8="売却済",ROUND(I8*0.9,0),"") | O8: 値下げ交渉あり
A9: =IF(B9<>"",MAX($A$4:A8)+1,"") | N9: =IF(J9="売却済",ROUND(I9*0.9,0),"")
A10: =IF(B10<>"",MAX($A$4:A9)+1,"") | N10: =IF(J10="売却済",ROUND(I10*0.9,0),"")
A11: =IF(B11<>"",MAX($A$4:A10)+1,"") | N11: =IF(J11="売却済",ROUND(I11*0.9,0),"")
A12: =IF(B12<>"",MAX($A$4:A11)+1,"") | N12: =IF(J12="売却済",ROUND(I12*0.9,0),"")
A13: =IF(B13<>"",MAX($A$4:A12)+1,"") | N13: =IF(J13="売却済",ROUND(I13*0.9,0),"")
A14: =IF(B14<>"",MAX($A$4:A13)+1,"") | N14: =IF(J14="売却済",ROUND(I14*0.9,0),"")
A15: =IF(B15<>"",MAX($A$4:A14)+1,"") | N15: =IF(J15="売却済",ROUND(I15*0.9,0),"")
A16: =IF(B16<>"",MAX($A$4:A15)+1,"") | N16: =IF(J16="売却済",ROUND(I16*0.9,0),"")
A17: =IF(B17<>"",MAX($A$4:A16)+1,"") | N17: =IF(J17="売却済",ROUND(I17*0.9,0),"")
A18: =IF(B18<>"",MAX($A$4:A17)+1,"") | N18: =IF(J18="売却済",ROUND(I18*0.9,0),"")
A19: =IF(B19<>"",MAX($A$4:A18)+1,"") | N19: =IF(J19="売却済",ROUND(I19*0.9,0),"")
A20: =IF(B20<>"",MAX($A$4:A19)+1,"") | N20: =IF(J20="売却済",ROUND(I20*0.9,0),"")
... A28: =IF(B28<>"",MAX($A$4:A27)+1,"") | N28: =IF(J28="売却済",ROUND(I28*0.9,0),"")

Sheet 売上集計
A1: 月別売上集計
A3: 年月 | B3: 売却件数 | C3: 売上合計(円) | D3: 手数料10%(円) | E3: 実収入(円) | F3: 備考
A4: 2026/01 | B4: =COUNTIFS(出品管理!$J$4:$J$200,"売却済",出品管理!$H$4:$H$200,A4&"*") | C4: =SUMIFS(出品管理!$I$4:$I$200,出品管理!$J$4:$J$200,"売却済",出品管理!$H$4:$H$200,A4&"*") | D4: =ROUND(C4*0.1,0) | E4: =C4-D4
A5: 2026/02 | B5: =COUNTIFS(出品管理!$J$4:$J$200,"売却済",出品管理!$H$4:$H$200,A5&"*") | C5: =SUMIFS(出品管理!$I$4:$I$200,出品管理!$J$4:$J$200,"売却済",出品管理!$H$4:$H$200,A5&"*") | D5: =ROUND(C5*0.1,0) | E5: =C5-D5
A6: 2026/03 | B6: =COUNTIFS(出品管理!$J$4:$J$200,"売却済",出品管理!$H$4:$H$200,A6&"*") | C6: =SUMIFS(出品管理!$I$4:$I$200,出品管理!$J$4:$J$200,"売却済",出品管理!$H$4:$H$200,A6&"*") | D6: =ROUND(C6*0.1,0) | E6: =C6-D6
A7: 2026/04 | B7: =COUNTIFS(出品管理!$J$4:$J$200,"売却済",出品管理!$H$4:$H$200,A7&"*") | C7: =SUMIFS(出品管理!$I$4:$I$200,出品管理!$J$4:$J$200,"売却済",出品管理!$H$4:$H$200,A7&"*") | D7: =ROUND(C7*0.1,0) | E7: =C7-D7
A8: 2026/05 | B8: =COUNTIFS(出品管理!$J$4:$J$200,"売却済",出品管理!$H$4:$H$200,A8&"*") | C8: =SUMIFS(出品管理!$I$4:$I$200,出品管理!$J$4:$J$200,"売却済",出品管理!$H$4:$H$200,A8&"*") | D8: =ROUND(C8*0.1,0) | E8: =C8-D8
A9: 2026/06 | B9: =COUNTIFS(出品管理!$J$4:$J$200,"売却済",出品管理!$H$4:$H$200,A9&"*") | C9: =SUMIFS(出品管理!$I$4:$I$200,出品管理!$J$4:$J$200,"売却済",出品管理!$H$4:$H$200,A9&"*") | D9: =ROUND(C9*0.1,0) | E9: =C9-D9
A10: 2026/07 | B10: =COUNTIFS(出品管理!$J$4:$J$200,"売却済",出品管理!$H$4:$H$200,A10&"*") | C10: =SUMIFS(出品管理!$I$4:$I$200,出品管理!$J$4:$J$200,"売却済",出品管理!$H$4:$H$200,A10&"*") | D10: =ROUND(C10*0.1,0) | E10: =C10-D10
A11: 2026/08 | B11: =COUNTIFS(出品管理!$J$4:$J$200,"売却済",出品管理!$H$4:$H$200,A11&"*") | C11: =SUMIFS(出品管理!$I$4:$I$200,出品管理!$J$4:$J$200,"売却済",出品管理!$H$4:$H$200,A11&"*") | D11: =ROUND(C11*0.1,0) | E11: =C11-D11
A12: 2026/09 | B12: =COUNTIFS(出品管理!$J$4:$J$200,"売却済",出品管理!$H$4:$H$200,A12&"*") | C12: =SUMIFS(出品管理!$I$4:$I$200,出品管理!$J$4:$J$200,"売却済",出品管理!$H$4:$H$200,A12&"*") | D12: =ROUND(C12*0.1,0) | E12: =C12-D12
A13: 2026/10 | B13: =COUNTIFS(出品管理!$J$4:$J$200,"売却済",出品管理!$H$4:$H$200,A13&"*") | C13: =SUMIFS(出品管理!$I$4:$I$200,出品管理!$J$4:$J$200,"売却済",出品管理!$H$4:$H$200,A13&"*") | D13: =ROUND(C13*0.1,0) | E13: =C13-D13
A14: 2026/11 | B14: =COUNTIFS(出品管理!$J$4:$J$200,"売却済",出品管理!$H$4:$H$200,A14&"*") | C14: =SUMIFS(出品管理!$I$4:$I$200,出品管理!$J$4:$J$200,"売却済",出品管理!$H$4:$H$200,A14&"*") | D14: =ROUND(C14*0.1,0) | E14: =C14-D14
A15: 2026/12 | B15: =COUNTIFS(出品管理!$J$4:$J$200,"売却済",出品管理!$H$4:$H$200,A15&"*") | C15: =SUMIFS(出品管理!$I$4:$I$200,出品管理!$J$4:$J$200,"売却済",出品管理!$H$4:$H$200,A15&"*") | D15: =ROUND(C15*0.1,0) | E15: =C15-D15
A16: 年間合計 | B16: =SUM(B4:B15) | C16: =SUM(C4:C15) | D16: =SUM(D4:D15) | E16: =SUM(E4:E15)
A18: ※ 手数料は売上の10%（メルカリ標準手数料）として計算しています。

Sheet 発送方法リスト
A1: 発送方法リスト
A3: 発送方法 | B3: サービス区分 | C3: サイズ上限 | D3: 重量上限 | E3: 送料目安（円）
A4: らくらくメルカリ便（ネコポス） | B4: ヤマト運輸 | C4: A4サイズ・厚さ3cm以内 | D4: 1kg以内 | E4: 210
A5: らくらくメルカリ便（宅急便コンパクト） | B5: ヤマト運輸 | C5: 専用BOX使用 | D5: — | E5: 450
A6: らくらくメルカリ便（宅急便）60サイズ | B6: ヤマト運輸 | C6: 60cm以内 | D6: 2kg以内 | E6: 750
A7: らくらくメルカリ便（宅急便）80サイズ | B7: ヤマト運輸 | C7: 80cm以内 | D7: 5kg以内 | E7: 850
A8: らくらくメルカリ便（宅急便）100サイズ | B8: ヤマト運輸 | C8: 100cm以内 | D8: 10kg以内 | E8: 1050
A9: らくらくメルカリ便（宅急便）120サイズ | B9: ヤマト運輸 | C9: 120cm以内 | D9: 15kg以内 | E9: 1200
A10: らくらくメルカリ便（宅急便）140サイズ | B10: ヤマト運輸 | C10: 140cm以内 | D10: 20kg以内 | E10: 1450
A11: らくらくメルカリ便（宅急便）160サイズ | B11: ヤマト運輸 | C11: 160cm以内 | D11: 25kg以内 | E11: 1700
A12: ゆうゆうメルカリ便（ゆうパケット） | B12: 日本郵便 | C12: A4サイズ・厚さ3cm以内 | D12: 1kg以内 | E12: 230
A13: ゆうゆうメルカリ便（ゆうパケットポスト） | B13: 日本郵便 | C13: 縦34cm・横25cm以内・厚さ3.5cm以内 | D13: 2kg以内 | E13: 215
A14: ゆうゆうメルカリ便（ゆうパック）60サイズ | B14: 日本郵便 | C14: 60cm以内 | D14: 25kg以内 | E14: 770
A15: ゆうゆうメルカリ便（ゆうパック）80サイズ | B15: 日本郵便 | C15: 80cm以内 | D15: 25kg以内 | E15: 870
... A20: 梱包・発送たのメル便（大型家具・家電） | B20: SGホールディングス | C20: 200cm超 | D20: 〜100kg | E20: 9000
A22: 【色の凡例】 青: らくらくメルカリ便（ヤマト） 緑: ゆうゆうメルカリ便（日本郵便） 黄: 梱包・発送たのメル便
A23: ※ 送料はメルカリ公式の参考価格です。変動する場合があります。

Sheet 使い方ガイド
A1: 使い方ガイド
B3: 【出品管理シートの使い方】
B4: 商品名 | C4: 出品する商品の名前を入力してください（カラー・サイズなど詳細も記入推奨）
B5: カテゴリ | C5: メルカリのカテゴリに合わせて入力（例：メンズファッション、スマートフォン・タブレット）
B6: 出品価格 | C6: 実際にメルカリに出品した価格を入力してください（円）
B7: 希望最低価格 | C7: 値下げ交渉の下限として設定する価格（円）。参考用です。
B8: 商品の状態 | C8: ドロップダウンから選択できます。メルカリの表記に合わせています。
B9: ステータス | C9: 「出品中」「売却済」「削除済」からドロップダウンで選択
B10: 売却日・売却価格 | C10: 売却が確定したら入力してください。利益欄は自動計算されます。
B11: 利益 | C11: 売却価格の90%（手数料10%差し引き後）を自動計算します。
B13: 【売上集計シートの使い方】
B14: 自動集計 | C14: 出品管理シートへの入力内容をもとに月別売上を自動集計します。
B15: 手数料 | C15: 売上合計の10%を自動で差し引いた実収入を表示します。
B17: 【ご注意】
B18: 行を追加する場合 | C18: 29行目以降にそのまま入力してください。数式は事前に入力済みです。
B19: 日付の入力形式 | C19: YYYY/MM/DD 形式で入力してください（例：2026/04/16）
B20: 売上集計の集計範囲 | C20: 出品管理シートの4〜200行目を対象としています。200件以上になる場合は数式の範囲を拡張してください。
